Site,Year,MeanTmean,MeanTmax,MeanTmin,CumPrecip,MeanVPD,MeanTmean_normal,MeanTmax_normal,MeanTmin_normal,MeanVPD_normal,CumPrecip_normal,MeanTmean_z,MeanTmax_z,MeanTmin_z,CumPrecip_z,MeanVPD_z
CH,2012,18.6868421052632,24.8754385964912,12.490350877193,308.33,24.6734210526316,12.968897959183673,19.372448979591837,6.564857142857143,16.244122448979592,665.946,13.10948036368022,7.392223874542884,9.447135936542205,-1.643852771180718,3.7986024520433856
CH,2017,17.7814159292035,23.7725663716814,11.7840707964602,425.13,22.0503539823009,12.968897959183673,19.372448979591837,6.564857142857143,16.244122448979592,665.946,11.033617715746686,5.910724006585141,8.321099148537296,-1.1069584385057039,2.616536247754984
CH,2018,18.3038461538462,24.3707692307692,12.239230769230801,452.69,22.2573846153846,12.968897959183673,19.372448979591837,6.564857142857143,16.244122448979592,665.946,12.231388906995969,6.714296203630322,9.04677000879324,-0.9802734401450585,2.7098331052348112
CH,2021,18.1895104895105,23.0496503496503,13.3265734265734,659.1,19.3988811188811,12.968897959183673,19.372448979591837,6.564857142857143,16.244122448979592,665.946,11.969252532770467,4.939623305079748,10.780342661818398,-0.031468994875797504,1.4216691782518003
CH,2022,17.5842975206612,23.3471074380165,11.8314049586777,857.23,19.4138016528926,12.968897959183673,19.372448979591837,6.564857142857143,16.244122448979592,665.946,10.58168607037079,5.339200542790691,8.39656497213945,0.879274790508625,1.4283930089934627
HM,2017,13.5111111111111,20.9969696969697,6.01111111111111,209.94,18.6655555555556,9.344040816326531,17.01326530612245,1.6744489795918367,15.819142857142857,540.522,9.039419863232768,6.8593891558804625,12.31029837368892,-2.4017506441201584,3.06473906640693
HM,2018,14.5595238095238,22.2365079365079,6.85396825396825,364.75,20.2063492063492,9.344040816326531,17.01326530612245,1.6744489795918367,15.819142857142857,540.522,11.3136897700204,8.993702931300726,14.702881102132038,-1.277022082927348,4.723715116328336
HM,2021,13.6910828025478,21.0152866242038,6.36433121019108,514.99,18.0322929936306,9.344040816326531,17.01326530612245,1.6744489795918367,15.819142857142857,540.522,9.42982356830792,6.8909283765935525,13.312969248059078,-0.18549557279487683,2.3829038167585788
HM,2022,13.8113402061856,21.3587628865979,6.27319587628866,246.01,19.309175257732,9.344040816326531,17.01326530612245,1.6744489795918367,15.819142857142857,540.522,9.690692016940732,7.4823470960601774,13.054267251292842,-2.1396941929721405,3.7577258726663176
JC,2012,13.2717948717949,20.2653846153846,6.25897435897436,106.16,18.9928205128205,7.78130612244898,14.170367346938775,1.3918367346938776,10.855551020408164,523.844,6.636312933075283,6.515503239004014,5.819626821810241,-4.246471585473428,3.0748192038046405
JC,2017,12.6081395348837,19.4011627906977,5.81395348837209,133.33,16.8996511627907,7.78130612244898,14.170367346938775,1.3918367346938776,10.855551020408164,523.844,5.8341576612021004,5.591660065151731,5.287516247845286,-3.970242108219539,2.2838760845816237
JC,2018,14.4026086956522,21.0408695652174,7.76,286.81,18.594,7.78130612244898,14.170367346938775,1.3918367346938776,10.855551020408164,523.844,8.003119195096769,7.344487715978735,7.614400209182679,-2.409855646352526,2.9241174268959167
JC,2021,12.6908163265306,18.9295918367347,6.45204081632653,291.18,13.1902040816327,7.78130612244898,14.170367346938775,1.3918367346938776,10.855551020408164,523.844,5.934088484616838,5.087556148355184,6.050476002649805,-2.3654271290319704,0.8821922480960317
MM,2012,14.9677083333333,21.1583333333333,8.77395833333333,185.63,20.5659375,8.886244897959184,15.235510204081633,2.53734693877551,10.908775510204082,331.68,6.359315452826587,8.096178184402284,4.782651003755191,-2.532601013064006,7.863237610626732
MM,2017,14.1559139784946,20.2881720430108,8.00215053763441,232.8,18.932688172043,8.886244897959184,15.235510204081633,2.53734693877551,10.908775510204082,331.68,5.510431555043923,6.906714865663862,4.190777132629182,-1.7146428495157062,6.533382363640893
MM,2018,15.8731092436975,21.8924369747899,9.85210084033613,325.34,20.827731092437,8.886244897959184,15.235510204081633,2.53734693877551,10.908775510204082,331.68,7.306082635013571,9.099658071839363,5.609442833018056,-0.10993968108747607,8.07640015511411
MM,2021,14.0874074074074,20.1340740740741,8.03851851851852,291.28,17.8477037037037,8.886244897959184,15.235510204081633,2.53734693877551,10.908775510204082,331.68,5.438795031900344,6.696071294660647,4.218666534305182,-0.7005620056678256,5.6499457300412805
MM,2022,13.375,20.4619047619048,6.28214285714286,211.46,19.8786904761905,8.886244897959184,15.235510204081633,2.53734693877551,10.908775510204082,331.68,4.6938389069844515,7.144198075601321,2.871760131385866,-2.084692186172919,7.303654303323801
PL,2012,14.8247619047619,21.8761904761905,7.77333333333333,178.23,20.0920952380952,10.678775510204082,17.031224489795918,4.327551020408163,13.753632653061224,641.541,2.4064183196306117,3.016583599412018,1.7561255843104526,-2.7501798595058533,3.9164398714710744
PL,2017,10.8295454545455,17.675,3.97727272727273,7.26,16.53,10.678775510204082,17.031224489795918,4.327551020408163,13.753632653061224,641.541,0.08751006915727495,0.4008289534411978,-0.17851756621315293,-3.7650451456305425,1.7154752638400412
PL,2018,14.85078125,21.23671875,8.46171875,395.98,17.626328125,10.678775510204082,17.031224489795918,4.327551020408163,13.753632653061224,641.541,2.421520498723131,2.618434277635365,2.1069577415073786,-1.4576319502021686,2.392879780055562
PL,2021,14.4151785714286,20.375,8.4625,307.5,16.4447321428571,10.678775510204082,17.031224489795918,4.327551020408163,13.753632653061224,641.541,2.1686874775703484,2.0819090149492125,2.107355901631307,-1.982842691948162,1.6627895484967246
PL,2022,14.5490566037736,20.5660377358491,8.53962264150943,409.04,16.17,10.678775510204082,17.031224489795918,4.327551020408163,13.753632653061224,641.541,2.2463931232169423,2.2008533589238635,2.146661067072631,-1.380108755274471,1.4930367253435601
RP,2017,15.2229166666667,22.35,8.0875,33.55,23.7035416666667,12.22730612244898,18.859795918367347,5.5940408163265305,15.809102040816327,712.269,2.652652479155239,3.0525962169594503,1.432330501448119,-1.7986281052947402,2.6187589214662963
RP,2018,17.8564814814815,24.7268518518519,10.9824074074074,288.13,23.9112962962963,12.22730612244898,18.859795918367347,5.5940408163265305,15.809102040816327,712.269,4.984708710069195,5.131434245205107,3.0952669576161997,-1.1239825700350303,2.6876756927133547
RP,2021,17.2713286713287,22.3167832167832,12.227972027972,664.23,18.3763636363636,12.22730612244898,18.859795918367347,5.5940408163265305,15.809102040816327,712.269,4.466548211691785,3.023544211857291,3.810763007938938,-0.1273049605952596,0.8516170273900887
RP,2022,16.7436974789916,22.7621848739496,10.7302521008403,877.39,18.8185714285714,12.22730612244898,18.859795918367347,5.5940408163265305,15.809102040816327,712.269,3.9993238613388113,3.4131006337435466,2.9504200962507094,0.43757618598326076,0.9983070593455042
SC,2012,16.2488888888889,21.5255555555556,10.9555555555556,69.05,20.6112222222222,8.343714285714286,15.077836734693877,1.6094285714285714,13.023306122448979,421.342,6.357392204147725,5.190384673784512,7.199015355530755,-7.304531035217604,3.173386393122817
SC,2017,14.9447916666667,20.43125,9.44479166666667,161.67,18.1494791666667,8.343714285714286,15.077836734693877,1.6094285714285714,13.023306122448979,421.342,5.3086288396198,4.3094736195344865,6.0353234376738705,-5.384119375339281,2.1438465546290986
SC,2018,16.6862068965517,22.0362068965517,11.3301724137931,198.4,20.2740517241379,8.343714285714286,15.077836734693877,1.6094285714285714,13.023306122448979,421.342,6.7090861555415895,5.601456708343154,7.487570445727227,-4.6225482215136395,3.0323763639245325
SC,2021,14.6354166666667,19.5125,9.771875,128.46,15.2302083333333,8.343714285714286,15.077836734693877,1.6094285714285714,13.023306122448979,421.342,5.059827476982173,3.5698839985338924,6.287265011248024,-6.072705762993772,0.9229613710650114
SC,2022,13.620253164557,19.1632911392405,8.06708860759494,157.37,16.2029113924051,8.343714285714286,15.077836734693877,1.6094285714285714,13.023306122448979,421.342,4.2434264664775165,3.2887724350191516,4.974123916796027,-5.47327690219608,1.3297611579392548
SM,2017,10.1793103448276,17.6706896551724,2.68620689655172,61.49,17.266724137931,7.5537551020408165,14.436204081632653,0.6708571428571428,12.48195918367347,685.002,1.8601387692303666,2.1392235345935977,1.440090537131488,-6.338943738845375,3.2166203682051173
SM,2018,13.3471074380165,21.3148760330578,5.37933884297521,205.01,20.3473553719008,7.5537551020408165,14.436204081632653,0.6708571428571428,12.48195918367347,685.002,4.104442027478152,4.5494149195211175,3.364497863542749,-4.879845589332473,5.287614715649249
SM,2021,12.8824427480916,19.9908396946565,5.77480916030534,296.43,17.2306870229008,7.5537551020408165,14.436204081632653,0.6708571428571428,12.48195918367347,685.002,3.7752389734588823,3.6737239846360787,3.647085568559937,-3.950422841085055,3.19239394970271
SM,2022,12.5433333333333,19.9244444444444,5.16222222222222,223.69,17.7202222222222,7.5537551020408165,14.436204081632653,0.6708571428571428,12.48195918367347,685.002,3.534988622171887,3.6298115050130777,3.209354772162625,-4.689935099972795,3.521490343808639
SS,2017,14.8180555555556,20.4444444444444,9.18333333333333,107.25,19.2847222222222,10.713020408163265,16.829142857142855,4.597551020408163,13.994571428571428,566.859,NA,NA,NA,NA,NA
UK,2017,14.1197183098592,19.9028169014084,8.31408450704225,98.09,18.36,10.35734693877551,16.769795918367347,3.9442857142857144,13.827755102040816,604.926,NA,NA,NA,NA,NA
VC,2017,12.7970588235294,21.6911764705882,3.90980392156863,145.03,20.391568627451,7.467469387755102,16.218489795918366,-1.2835102040816326,14.507020408163266,418.186,NA,NA,NA,NA,NA
